Repository's Location,Branch,Author's GitHub ID,Author's Emails,Author's Display Name,Author's Git Author Name,Ignore Glob List
https://github.com/AY2627S1-CS2113-W12-3/tp.git,master,double-Vgun,,CS2113-W12-3 VIVE..AVAN,V;Vivekan K,
https://github.com/AY2627S1-CS2113-T10-4/tp.git,master,lukelouyu,,CS2113-T10-4 LOU ..U YU,Luke Louyu;Yu Lou,
https://github.com/AY2627S1-CS2113-T10-2/tp.git,master,Bealng,,CS2113-T10-2 BEAL.. JIE,,
https://github.com/AY2627S1-CS2113-T10-3/tp.git,master,txythecegkid,,CS2113-T10-3 TAN .. YOU,Txythecegkid;XuanYou,
https://github.com/AY2627S1-CS2113-T11-1/tp.git,master,JonasLow,,CS2113-T11-1 LOW ..ONAS,Jonas Low,
https://github.com/AY2627S1-CS2113-T11-2/tp.git,master,dung0-o,,CS2113-T11-2 LE H..DANG,Dung;Ha Dang,
https://github.com/AY2627S1-CS2113-W13-3/tp.git,master,doyk0215,,CS2113-W13-3 KIM ..YEON,,
https://github.com/AY2627S1-CS2113-W12-3/tp.git,master,seowcs,,CS2113-W12-3 SEOW..G SI,CS Seow,
https://github.com/AY2627S1-CS2113-T11-1/tp.git,master,AngBryan,,CS2113-T11-1 ANG ..RYAN,,
https://github.com/AY2627S1-CS2113-W14-3/tp.git,master,cheuk-yin,,CS2113-W14-3 LAW .. YIN,Cheuk Yin,
https://github.com/AY2627S1-CS2113-W13-1/tp.git,master,rktheg,,CS2113-W13-1 KAUS..JESH,Kaushal Rajesh,
https://github.com/AY2627S1-CS2113-W13-1/tp.git,master,MatthewLeon888,,CS2113-W13-1 LEON.. WEI,,
https://github.com/AY2627S1-CS2113-T10-3/tp.git,master,yt0812,,CS2113-T10-3 LAM ..TING,,
https://github.com/AY2627S1-CS2113-W12-2/tp.git,master,Pang2004,,CS2113-W12-2 PANG..HERN,Pang Yan Hern,
https://github.com/AY2627S1-CS2113-T10-3/tp.git,master,CF36,,CS2113-T10-3 LEE ..FENG,CF;Chang Feng,
https://github.com/AY2627S1-CS2113-W14-3/tp.git,master,wunicorn21,,CS2113-W14-3 LIM .. SIN,,
https://github.com/AY2627S1-CS2113-W12-2/tp.git,master,ranoot,,CS2113-W12-2 SEOW..NARD,,
https://github.com/AY2627S1-CS2113-T11-4/tp.git,master,yy261,,CS2113-T11-4 ZOU ..YANG,Zou Yuyang,
https://github.com/AY2627S1-CS2113-W10-1/tp.git,master,teetoozs,,CS2113-W10-1 CHIA..ITUS,,
https://github.com/AY2627S1-CS2113-W12-3/tp.git,master,j-122,,CS2113-W12-3 YUE ..SHUA,yue,
https://github.com/AY2627S1-CS2113-W12-1/tp.git,master,Kaishhhh,,CS2113-W12-1 TAN ..HENG,Kai Sheng,
https://github.com/AY2627S1-CS2113-T11-1/tp.git,master,CalebThow,,CS2113-T11-1 THOW..ALEB,Caleb Thow,
https://github.com/AY2627S1-CS2113-W12-2/tp.git,master,Chomus-ai,,CS2113-W12-2 AMIR..FAIZ,Izaaz,
https://github.com/AY2627S1-CS2113-W14-2/tp.git,master,produdepunk,,CS2113-W14-2 HEU .. HUI,Yu Hui;yuhui,
https://github.com/AY2627S1-CS2113-W13-3/tp.git,master,yuncongshen,,CS2113-W13-3 SHEN..CONG,Shen Yuncong,
https://github.com/AY2627S1-CS2113-W13-3/tp.git,master,zephtzk,,CS2113-W13-3 ZEPH..NKAI,,
https://github.com/AY2627S1-CS2113-W13-2/tp.git,master,nkyjStar,,CS2113-W13-2 NEO ..YDEN,Jayden,
https://github.com/AY2627S1-CS2113-W12-4/tp.git,master,Yong-De,,CS2113-W12-4 KOH ..G DE,Koh Yong De,
https://github.com/AY2627S1-CS2113-W14-4/tp.git,master,KKYTester,,CS2113-W14-4 KANG..YANG,,
https://github.com/AY2627S1-CS2113-W12-2/tp.git,master,Lim-Yu-Wei,,CS2113-W12-2 LIM .. WEI,Synesty,
https://github.com/AY2627S1-CS2113-W14-2/tp.git,master,Maxkedd,,CS2113-W14-2 LEE ..XUAN,Lee Ee Xuan,
https://github.com/AY2627S1-CS2113-T10-4/tp.git,master,Oliver-koh,,CS2113-T10-4 KOH ..IVER,Oliver Koh;your-name,
https://github.com/AY2627S1-CS2113-T11-4/tp.git,master,KRAZYZECTRON,,CS2113-T11-4 VISH..AMAI,,
https://github.com/AY2627S1-CS2113-W14-2/tp.git,master,Kytersaurus,,CS2113-W14-2 KYLE..O YU,Kyle Lee Yao Yu,
https://github.com/AY2627S1-CS2113-T11-4/tp.git,master,SwaggyDaddy67,,CS2113-T11-4 BHAO..NUSH,Bhao Tanush,
https://github.com/AY2627S1-CS2113-W10-2/tp.git,master,Bryan-chua,,CS2113-W10-2 BRYA..G YU,Bryan,
https://github.com/AY2627S1-CS2113-W13-2/tp.git,master,chancheese,,CS2113-W13-2 CHAN..HENG,,
https://github.com/AY2627S1-CS2113-W13-3/tp.git,master,YamYamui,,CS2113-W13-3 LEE .. TZE,Lee Kwan Tze,
https://github.com/AY2627S1-CS2113-W13-2/tp.git,master,naieel04,,CS2113-W13-2 IAN ..IAYI,Ian;Ian Lee,
https://github.com/AY2627S1-CS2113-T11-4/tp.git,master,Xandurs,,CS2113-T11-4 XAND.. LIM,,
https://github.com/AY2627S1-CS2113-W12-1/tp.git,master,WillChin484848,,CS2113-W12-1 WILL..N YU,Will Chin,
https://github.com/AY2627S1-CS2113-W13-2/tp.git,master,lololol8484,,CS2113-W13-2 HENG.. HEN,,
https://github.com/AY2627S1-CS2113-T11-3/tp.git,master,J-unn-y,,CS2113-T11-3 TAN .. JUN,,
https://github.com/AY2627S1-CS2113-W12-2/tp.git,master,ong04,,CS2113-W12-2 ONG ..SAAC,Isaac Ong,
https://github.com/AY2627S1-CS2113-T10-1/tp.git,master,ka-how,,CS2113-T10-1 KOH .. HOW,Ka How;kahow,
https://github.com/AY2627S1-CS2113-W13-4/tp.git,master,Rixte,,CS2113-W13-4 SAM ..NTHA,Xeriel,
https://github.com/AY2627S1-CS2113-W13-4/tp.git,master,peilingggg,,CS2113-W13-4 LEE ..LING,peiling,
https://github.com/AY2627S1-CS2113-T11-2/tp.git,master,nathanng-boop,,CS2113-T11-2 NG Z.. HOU,ZhiHou;Nathan,
https://github.com/AY2627S1-CS2113-W12-4/tp.git,master,shengyang2010,,CS2113-W12-4 TIU ..YANG,Jeremy,
https://github.com/AY2627S1-CS2113-T10-1/tp.git,master,ernestgoh-god,,CS2113-T10-1 ERNE.. WEE,Ernest Goh,
https://github.com/AY2627S1-CS2113-W10-4/tp.git,master,zzzwun,,CS2113-W10-4 LAU .. WEN,,
https://github.com/AY2627S1-CS2113-T10-1/tp.git,master,GabrielYuSP,,CS2113-T10-1 GABR..SOON,Gabriel,
https://github.com/AY2627S1-CS2113-T11-3/tp.git,master,DaynaG3,,CS2113-T11-3 GAN ..AYNA,Dayna,
https://github.com/AY2627S1-CS2113-W10-1/tp.git,master,johnalday10,,CS2113-W10-1 ALDA..EREZ,johnalday,
https://github.com/AY2627S1-CS2113-T11-3/tp.git,master,Lokwx,,CS2113-T11-3 LOK ..IONG,Wei Xiong,
https://github.com/AY2627S1-CS2113-T11-1/tp.git,master,DemiSushi,,CS2113-T11-1 THAM.. JIE,Tham You Jie,
https://github.com/AY2627S1-CS2113-T11-3/tp.git,master,gavinlimsh,,CS2113-T11-3 LIM ..AVIN,Gavin Lim;gavin,
https://github.com/AY2627S1-CS2113-W10-3/tp.git,master,Nickyi29,,CS2113-W10-3 TI K..KYAW,Nick,
https://github.com/AY2627S1-CS2113-T10-1/tp.git,master,Darren50,,CS2113-T10-1 DARR..HONG,darren,
https://github.com/AY2627S1-CS2113-W12-1/tp.git,master,Eethanzyj,,CS2113-W12-1 EETH.. JIE,,
https://github.com/AY2627S1-CS2113-T10-2/tp.git,master,jinghaochua,,CS2113-T10-2 CHUA..GHAO,,
https://github.com/AY2627S1-CS2113-W10-4/tp.git,master,yongxiang22,,CS2113-W10-4 TAN ..IANG,Yong Xiang,
https://github.com/AY2627S1-CS2113-W10-2/tp.git,master,Eugene3129,,CS2113-W10-2 EUGE..QUEK,,
https://github.com/AY2627S1-CS2113-T10-4/tp.git,master,officialasyrafrahim,,CS2113-T10-4 MUHA..AHIM,Asyraf B.A.R,
https://github.com/AY2627S1-CS2113-T10-3/tp.git,master,ChuaJx-NUS,,CS2113-T10-3 CHUA..IANG,Chua Jx;ChuaJx_E1527727,
https://github.com/AY2627S1-CS2113-T10-2/tp.git,master,bohao12,,CS2113-T10-2 PENG..OHAO,,
https://github.com/AY2627S1-CS2113-T10-4/tp.git,master,Atharva005,,CS2113-T10-4 ATHA..REGE,,
https://github.com/AY2627S1-CS2113-W13-4/tp.git,master,neil0618,,CS2113-W13-4 MAND..UMAR,Neil;Neil Mande;Neil Mande,
https://github.com/AY2627S1-CS2113-W13-4/tp.git,master,GauthamNandi,,CS2113-W13-4 GANG..THAM,Gangadhar Nandi Gautham;Gautham,
https://github.com/AY2627S1-CS2113-T10-3/tp.git,master,CodinShrek,,CS2113-T10-3 BALA..ANTH,LAPTOP-O4K3V1FJ\Shrikkanth;sk;unknown,
https://github.com/AY2627S1-CS2113-W13-4/tp.git,master,oilybikechain,,CS2113-W13-4 LEE ..STIN,,
https://github.com/AY2627S1-CS2113-W12-3/tp.git,master,LimZiJing,,CS2113-W12-3 LIM ..JING,limzj05;Lim Zi Jing,
https://github.com/AY2627S1-CS2113-W12-4/tp.git,master,vanitasluna,,CS2113-W12-4 TRUO..HUNG,Phi Hung,
https://github.com/AY2627S1-CS2113-W12-4/tp.git,master,Lmaokx,,CS2113-W12-4 NGUY..KHOA,,
https://github.com/AY2627S1-CS2113-W14-4/tp.git,master,FawazRM23,,CS2113-W14-4 REYA..AWAZ,Reyas Mohideen Fawaz,
https://github.com/AY2627S1-CS2113-W12-1/tp.git,master,anannya-mk,,CS2113-W12-1 MADH..NNYA,anann,
https://github.com/AY2627S1-CS2113-W14-4/tp.git,master,SanchitGarg08,,CS2113-W14-4 GARG..AMIT,,
https://github.com/AY2627S1-CS2113-T11-2/tp.git,master,itsDoodlez,,CS2113-T11-2 MIRA..FABE,Mira,
https://github.com/AY2627S1-CS2113-W13-1/tp.git,master,Rohita-29,,CS2113-W13-1 KATA..EDDY,Rohita Reddy Kataru,
https://github.com/AY2627S1-CS2113-T10-2/tp.git,master,siewhean,,CS2113-T10-2 TOH ..HEAN,,
https://github.com/AY2627S1-CS2113-W13-1/tp.git,master,yarnieee,,CS2113-W13-1 LI Y..I AN,Yi An,
https://github.com/AY2627S1-CS2113-W10-3/tp.git,master,Rd-7r,,CS2113-W10-3 MUN .. HAO,,
https://github.com/AY2627S1-CS2113-W14-3/tp.git,master,NUS-Nbnq,,CS2113-W14-3 NATH..QUAN,NUS-nbnq;Nathan,
https://github.com/AY2627S1-CS2113-W14-4/tp.git,master,YoosnK,,CS2113-W14-4 NGUY..KIET,,
https://github.com/AY2627S1-CS2113-W10-4/tp.git,master,M4ttL4m,,CS2113-W10-4 LAM ..UCAS,,
https://github.com/AY2627S1-CS2113-W10-2/tp.git,master,77chenchen,,CS2113-W10-2 WANG..CHEN,wangqichen;Qichen Wang,
https://github.com/AY2627S1-CS2113-W12-3/tp.git,master,PoonnatW,,CS2113-W12-3 WATT..NNAT,Poonnat.jpeg,
https://github.com/AY2627S1-CS2113-W10-1/tp.git,master,jeanetteong,,CS2113-W10-1 JEAN..XUAN,,
https://github.com/AY2627S1-CS2113-T11-4/tp.git,master,MohamedFarsat,,CS2113-T11-4 MOHA..SARI,,
https://github.com/AY2627S1-CS2113-T10-1/tp.git,master,nickpatt,,CS2113-T10-1 PATT..KEYA,,
https://github.com/AY2627S1-CS2113-W10-4/tp.git,master,zackyesten,,CS2113-W10-4 ZHEN..TING,,
https://github.com/AY2627S1-CS2113-W13-2/tp.git,master,nabijonzzz,,CS2113-W13-2 NAZA..VICH,Nabijon Nazarov,
https://github.com/AY2627S1-CS2113-W14-3/tp.git,master,irisiyuj,,CS2113-W14-3 JIAN..SIYU,Siyu Jiang,
https://github.com/AY2627S1-CS2113-W13-3/tp.git,master,lulu-wen,,CS2113-W13-3 WEN ..G-JU,文芃儒,
https://github.com/AY2627S1-CS2113-W14-4/tp.git,master,adviknagpal15,,CS2113-W14-4 NAGP..DVIK,,
https://github.com/AY2627S1-CS2113-T11-1/tp.git,master,zechby,,CS2113-T11-1 YANG..CHEN,Brian;Brian Yang,
https://github.com/AY2627S1-CS2113-W10-2/tp.git,master,czfray,,CS2113-W10-2 CHAN.. RAY,Ray;陳澤峯 Chan Ray;Ray Chan,
https://github.com/AY2627S1-CS2113-W10-1/tp.git,master,ducthien-k24,,CS2113-W10-1 TRAN..HIEN,Đức Thiên Trần,
https://github.com/AY2627S1-CS2113-W13-1/tp.git,master,holsoma,,CS2113-W13-1 LOH ..AMOS,AMOS LOH,
https://github.com/AY2627S1-CS2113-W10-2/tp.git,master,camimaigrot,,CS2113-W10-2 MAIG..ILLE,Camille Maigrot,
https://github.com/AY2627S1-CS2113-W12-1/tp.git,master,HammerHead-os,,CS2113-W12-1 PENU..JALI,Gitanjali Penumatsa;Gitanjali Penumatsa,
https://github.com/AY2627S1-CS2113-T11-2/tp.git,master,LCY-0976,,CS2113-T11-2 LAM ..ERRY,,
https://github.com/AY2627S1-CS2113-T11-3/tp.git,master,rachelnwk,,CS2113-T11-3 LI R..CHEL,Rachel Li,
https://github.com/AY2627S1-CS2113-W14-3/tp.git,master,littlecrawler,,CS2113-W14-3 CAO ..YUAN,CAO JINGYUAN;littlecrawler-admin,
https://github.com/AY2627S1-CS2113-W10-3/tp.git,master,WilliamKentoRasmussen,,CS2113-W10-3 RASM..ENTO,,
https://github.com/AY2627S1-CS2113-W10-3/tp.git,master,shaheerfarid,,CS2113-W10-3 FARI.. BIN,Muhammad Shaheer Bin Farid;shaheer-the-goat,
https://github.com/AY2627S1-CS2113-W10-4/tp.git,master,ProNoob116,,CS2113-W10-4 GAND..ANAV,Satya Venkat Pranav,
https://github.com/AY2627S1-CS2113-W14-2/tp.git,master,Pratham-tech,,CS2113-W14-2 DANG..THAM,Pratham Dang,
https://github.com/AY2627S1-CS2113-W14-2/tp.git,master,JamesZ1110,,CS2113-W14-2 ZHOU..EIYI,,
